"","t1","t2","t3","t4","t5","t6","t7","t8","t9","t10","nm","nm.f"
"186",0.102290197904941,0.726157223666233,0,0.00188158190185833,0.00123714711837557,0.0113310316565098,0.0938031665297398,NA,0.0834739951564425,0,399.916666666667,"399.916666666667"
"187",0.115471617204111,0.824279153839812,0,0.00191970560497199,0.00196277989262241,0.0127431860670122,0.105680081796761,NA,0.0904757082861064,0,401.013333333333,"401.013333333333"
"188",0.131540397167229,0.940440977474215,0,0.00141160416229226,0.00272573042875702,0.0150406515644711,0.119132857148613,NA,0.0979128345112239,0,402.103333333333,"402.103333333333"
"189",0.144748190332048,1.04269427731781,0,0.00074494919142899,0.00267661656308461,0.0174835353659985,0.130575033559146,NA,0.102032112598702,0,403.196666666667,"403.196666666667"
"190",0.158993799957194,1.15757037801895,0,0.0010245765581105,0.00331182520823694,0.0204656896247591,0.143574339065974,NA,0.10673943749952,0,404.29,"404.29"
"191",0.170450776219786,1.24692374864321,0,0.00160463622621058,0.00417544854789491,0.0247930947802513,0.153121404678782,NA,0.109964574687945,0,405.383333333333,"405.383333333333"
"192",0.179829241555711,1.33262199292,0,0.00236820913094315,0.00546440655544928,0.029401572502186,0.162557448116071,NA,0.113379142937751,0,406.473333333333,"406.473333333333"
"193",0.182940323474366,1.38025236377487,0.000362754904430069,0.00332556327903483,0.00694960396685739,0.0338553664195157,0.167563326384912,NA,0.113911877718904,0,407.563333333333,"407.563333333333"
"194",0.185478199401647,1.42121761796491,0.00223563884104662,0.00434790988920427,0.00707020654184315,0.0398015961926551,0.172193895910777,NA,0.114861960209442,0,408.656666666667,"408.656666666667"
"195",0.185169381441318,1.44369948320066,0.00408990528964098,0.00470535870536622,0.00570216356162456,0.047653598501936,0.176007129541792,NA,0.115366897812878,0,409.746666666667,"409.746666666667"
"196",0.184245179604482,1.48402884312059,0.00554667673431097,0.00509499035507691,0.00485866756143357,0.0576420316050364,0.182473568741997,NA,0.116912040151424,0,410.836666666667,"410.836666666667"
"197",0.173630675722349,1.44461589441763,0.0074295370542817,0.00596884498241326,0.00513573028516471,0.0660657622736108,0.179408992061498,NA,0.111996935884772,0,411.926666666667,"411.926666666667"
"198",0.160113021231086,1.37461435314654,0.0095559728256583,0.0062065035931973,0.00534997325920461,0.0744472012431138,0.173363819625112,NA,0.104137062241893,0,413.013333333333,"413.013333333333"
"199",0.149202326128607,1.3369091832562,0.0121793259086397,0.00672928801814614,0.00556193061710442,0.08604760420621,0.171290316597623,NA,0.0985868821513755,0,414.103333333333,"414.103333333333"
"200",0.137606070828481,1.2924548379617,0.0143102391611654,0.00760985419973919,0.00522654005829862,0.0987088492714122,0.167928931335723,NA,0.0928842527798005,0,415.193333333333,"415.193333333333"
"201",0.12510173926325,1.22137967412978,0.016881024781154,0.00921440354015614,0.00574496736516109,0.109380285201463,0.161838063655094,NA,0.0860276899740985,0,416.28,"416.28"
"202",0.115515566539298,1.18182787152141,0.019726606241593,0.0103507383765361,0.00575607886959914,0.12140022077745,0.160638862655769,NA,0.0812832986696679,0,417.37,"417.37"
"203",0.107769220079479,1.14404538389763,0.0225626495244946,0.0110030659741005,0.00506015478913698,0.132947709151548,0.159922143492246,NA,0.0777095135003385,0.0000399855245821989,418.456666666667,"418.456666666667"
"204",0.101654566909295,1.10981621022119,0.0261377424490174,0.012735960386824,0.00689582286709456,0.14422628011703,0.159542144339993,NA,0.0756980146083244,0.0000705588584367857,419.543333333333,"419.543333333333"
"205",0.0954113940950281,1.07404601757409,0.02972321431167,0.0139992132783992,0.00814058210471125,0.154160238707026,0.158640102610566,NA,0.0739629342763509,0.000282648933165746,420.63,"420.63"
"206",0.088377914182236,1.03221143367475,0.0315199129229588,0.0146159907783616,0.00843000009660079,0.161518886844296,0.157789258094187,NA,0.0719561390760759,0.000450576009512263,421.716666666667,"421.716666666667"
"207",0.0819374357126659,1.00531816773741,0.0336179029750546,0.0160573969492489,0.00877241153462527,0.168618927160699,0.160037252245158,NA,0.0703867966305866,0.000479713320202334,422.8,"422.8"
"208",0.0767787483740193,0.985396261798003,0.0365162983699542,0.017611174067309,0.00931599763126513,0.175354170172969,0.164234326826265,NA,0.0702114698144783,0.000829026525059735,423.89,"423.89"
"209",0.0715187590836765,0.95624038136855,0.038873036377898,0.0174168008989032,0.00917983539559736,0.178303177117901,0.167372495862943,NA,0.0696063146999403,0.00128580558886294,424.97,"424.97"
"210",0.0668672006928082,0.939593968634734,0.0405656401432214,0.017322943734799,0.00854307866515296,0.180706037036434,0.172915370617083,NA,0.0695928617224178,0.00145211258307786,426.06,"426.06"
"211",0.0616563721697471,0.932433561623484,0.0419360384587226,0.0176652211603184,0.00796769282486304,0.182406566938063,0.181109924075929,NA,0.0697111647409991,0.00140968486367327,427.14,"427.14"
"212",0.0571800315095818,0.928646518485089,0.0437557705845886,0.0176817922459932,0.0080955248943045,0.182433633763271,0.190012205362028,NA,0.0705298408237076,0.00144599885078087,428.23,"428.23"
"213",0.0544211016859764,0.920805158260815,0.0459369660995212,0.017281118990018,0.00900666514842932,0.17907530780809,0.197409675708558,NA,0.0722151659772621,0.00187063381686698,429.31,"429.31"
"214",0.0517824939608009,0.935771457791044,0.0472911891131346,0.0182649119827644,0.00941639444163177,0.178406766553118,0.210021164342927,NA,0.0753754059447584,0.00206860935813081,430.39,"430.39"
"215",0.0496117372784256,0.975080603912489,0.0486063742797233,0.0188725438030145,0.00935445311181463,0.18088964701297,0.22779144091576,NA,0.0790861737744263,0.00211283897287714,431.48,"431.48"
"216",0.0488005022068954,1.02820515973539,0.0518000040598237,0.0198393849678649,0.00961140132955102,0.184756278786894,0.248044464153852,NA,0.0840595264957415,0.002318412335406,432.56,"432.56"
"217",0.0485032218667188,1.09407157387662,0.0562159678951287,0.0213735384680167,0.0105685103561407,0.189776838319303,0.270603101606468,NA,0.0894991424326805,0.00253757495178905,433.64,"433.64"
"218",0.0484796159384705,1.16649178438696,0.0607931628400843,0.0224633701665372,0.0106935492067704,0.197728257382104,0.294151184310992,NA,0.0957206384549829,0.00283586142010692,434.72,"434.72"
"219",0.0482685351467473,1.21303585466498,0.0638393343301251,0.0222930987133482,0.0113054736184801,0.202535448810255,0.308541440789232,NA,0.10019498909176,0.00323542348141774,435.806666666667,"435.806666666667"
"220",0.0476270460926001,1.23925535765314,0.0650975977092373,0.0226378852156015,0.0118838589329086,0.202667368405138,0.315686100434688,NA,0.103411893292824,0.00322896876919854,436.89,"436.89"
"221",0.0461625588421927,1.23881987729591,0.0647353095261538,0.0235465665131137,0.011487911806801,0.199984630051814,0.315085867750041,NA,0.104119949576331,0.00339871710472151,437.97,"437.97"
"222",0.0436637978692527,1.22396878160275,0.0642993328597771,0.0241601806018795,0.0110302389358317,0.197214843064789,0.30935145392492,NA,0.10238524966657,0.00361694751180522,439.05,"439.05"
"223",0.0417399294250006,1.21033188954491,0.0641827765507535,0.0239501764712856,0.0107858142345155,0.195690182525812,0.30327772422638,NA,0.101231986402985,0.00328845120929674,440.13,"440.13"
"224",0.0392669351927356,1.17276632281635,0.0621876787323175,0.02274381607995,0.0105339358166043,0.191173023984001,0.29163514392387,NA,0.0982431321471936,0.0029814605761833,441.21,"441.21"
"225",0.0368480072160688,1.11223115783603,0.0587138864337798,0.0214533847756976,0.00921419456046738,0.184537487018514,0.275796011730288,NA,0.0940351169051136,0.00295011269491654,442.29,"442.29"
"226",0.0341160677704002,1.05540151072098,0.0557535346968189,0.0209195724156543,0.00856727402060444,0.178901017234336,0.262319463452925,NA,0.0893467065564506,0.00257144190301074,443.366666666667,"443.366666666667"
"227",0.0315344245933961,1.01285033839735,0.0537491408438519,0.0201743644691244,0.00851885973883241,0.176197234994889,0.253325147952536,NA,0.0858750594302949,0.00218081576431234,444.44,"444.44"
"228",0.0300675292630646,0.981234979900543,0.0520589319215213,0.0200617683341327,0.0102859305400278,0.175611821826165,0.247467232411762,NA,0.0840686212604969,0.00215569293317318,445.52,"445.52"
"229",0.0293417605643993,0.962668805679689,0.0519956612274027,0.0206054856505283,0.0107607769450669,0.178045404616639,0.246282314119649,NA,0.0830573762956031,0.00228211604574371,446.6,"446.6"
"230",0.028026843028438,0.951198515957531,0.0525333364300438,0.0208300290870632,0.0102363290997667,0.180896094915464,0.246500933954638,NA,0.0819393910388857,0.00211422781312884,447.68,"447.68"
"231",0.0284778691956281,0.955574327639405,0.054910018675812,0.020665717390201,0.010309944535307,0.187381082165384,0.251450660096782,NA,0.0829097351534154,0.00177866716954377,448.75,"448.75"
"232",0.0299659405024165,0.972847809264744,0.0588002760913641,0.0219302182272877,0.0107246304220097,0.197310517574567,0.260514340030042,NA,0.0855397151458757,0.00241887008243664,449.83,"449.83"
"233",0.0315727145356527,0.991571857456128,0.0628417116077441,0.0233293244596757,0.0116482196472839,0.210475338266928,0.270196737926046,NA,0.0880548555815189,0.00286696046867475,450.91,"450.91"
"234",0.0328264367278718,1.01516654756864,0.0682513524577176,0.0251956996391364,0.0145642162134087,0.226391549577174,0.27963232880677,NA,0.0905348650099601,0.0028901692094124,451.98,"451.98"
"235",0.0361148856344981,1.0392645653555,0.0757885155237873,0.0273918715492227,0.0164684297805605,0.24375304997624,0.289482091772254,NA,0.0939463631149222,0.00354884982347393,453.06,"453.06"
"236",0.0391348454159938,1.05392447295063,0.0826758917557205,0.0300271795235214,0.0168677643051677,0.259988553091322,0.298147890726231,NA,0.0965717200996706,0.00432704404138864,454.13,"454.13"
"237",0.0421719897282435,1.06280628938828,0.0897527805820585,0.0312655179873431,0.01692815400642,0.276688579491022,0.30571392903171,NA,0.0978134411136342,0.00502640732704394,455.21,"455.21"
"238",0.0450142404739554,1.08497067343174,0.0973405350825821,0.0332136976876007,0.0184781684131435,0.297687326324858,0.317794395416864,NA,0.100454339550916,0.00532683000087445,456.28,"456.28"
"239",0.0498984647638813,1.12411416797942,0.106704477905161,0.0371617127948998,0.0201273937356693,0.326223293878016,0.335912740287205,NA,0.104978392497811,0.00561459070709864,457.356666666667,"457.356666666667"
"240",0.0557355987604678,1.16882461117015,0.118604422637554,0.0416285492878203,0.021619332163237,0.357984288050697,0.356884121195631,NA,0.109496499043242,0.00599386759042771,458.43,"458.43"
"241",0.0626941939974321,1.22509865789737,0.134246049193473,0.0457134597946109,0.0239942284754166,0.395355936997149,0.383449563732817,NA,0.114971382529582,0.00706883290499015,459.5,"459.5"
"242",0.0702183155388792,1.27037485934072,0.150908688348658,0.0491557769888521,0.0253428484982606,0.428488148880052,0.406818031755488,NA,0.120141430156094,0.00856085628849569,460.576666666667,"460.576666666667"
"243",0.0786407362360617,1.32332989287032,0.168119641036968,0.0540085343330333,0.0276435103463016,0.466498829023614,0.433101300305844,NA,0.125916340003073,0.00951301370727201,461.65,"461.65"
"244",0.0889719536642389,1.38857870853635,0.187354147024487,0.0593355861960841,0.0299310671912708,0.510059319747072,0.464883286485785,NA,0.13187124724259,0.010409467917325,462.72,"462.72"
"245",0.100703254051284,1.45944421340775,0.210544559697108,0.0643730205062398,0.0323365965913051,0.557642414631067,0.501389879641986,NA,0.138916994282299,0.011607554559644,463.79,"463.79"
"246",0.115268073208415,1.54911012831855,0.239065230607465,0.070951076087756,0.0358943168780253,0.613577286233613,0.544436790974433,NA,0.147407827985117,0.0133851874731967,464.863333333333,"464.863333333333"
"247",0.131284272130681,1.65239777344852,0.270992368075497,0.0773382173025356,0.0395770458496085,0.677926891089013,0.592483370135478,NA,0.156341311038198,0.0152883304125045,465.933333333333,"465.933333333333"
"248",0.14769989357405,1.74663196999554,0.305192117521443,0.0844816124295949,0.0426127395647684,0.741285560720332,0.637731434854289,NA,0.163777696781193,0.0169314158134896,467.003333333333,"467.003333333333"
"249",0.16522592128619,1.83396330284465,0.340850580945665,0.0915575754460769,0.0451861792624271,0.804724596067404,0.680160271956845,NA,0.170148154788835,0.0186444397930642,468.073333333333,"468.073333333333"
"250",0.183603471711596,1.91774254080855,0.379213935493074,0.0989365843014493,0.0481330182854228,0.868443364066017,0.71909409290499,NA,0.17725999244757,0.0209560980027524,469.143333333333,"469.143333333333"
"251",0.201523657888635,1.99144999791544,0.41890790808231,0.105425088271497,0.0514797675844335,0.929617184449414,0.753045343146565,NA,0.183413051949295,0.0234088474224627,470.213333333333,"470.213333333333"
"252",0.217832241410272,2.04818151184404,0.45950473129617,0.111805685884367,0.0543553554412377,0.988175700097915,0.782198198739811,NA,0.187398522691081,0.0255548775114896,471.283333333333,"471.283333333333"
"253",0.232676748166448,2.09141512044145,0.498433204531806,0.116324344047145,0.0566608805492542,1.04337548396707,0.807362708010563,NA,0.190641843457613,0.0274916697214916,472.35,"472.35"
"254",0.243454194192054,2.11508684620668,0.534140507976115,0.118720916662949,0.0583734713039815,1.08848765395382,0.823283921537861,NA,0.192271141801253,0.0291779106350875,473.42,"473.42"
"255",0.250411770387211,2.10422168735356,0.561070853912483,0.119524020418488,0.0587634492834671,1.11312081938128,0.823663220399149,NA,0.189759465323325,0.0307209896553612,474.486666666667,"474.486666666667"
"256",0.253188816462665,2.07384469050296,0.577143205213567,0.119866126449064,0.0584135900407928,1.12412383633355,0.81600720914044,NA,0.185067416343255,0.0315983639281432,475.553333333333,"475.553333333333"
"257",0.251552119524788,2.02195882016019,0.579234211608817,0.118294127029327,0.0580212568874458,1.11751370546675,0.798996921654973,NA,0.17873276489796,0.0318983780157512,476.623333333333,"476.623333333333"
"258",0.246454444708465,1.95483283242867,0.571954627353034,0.114924030926654,0.0569341121339639,1.09301904225166,0.774018427920974,NA,0.171317582248477,0.031713820923639,477.686666666667,"477.686666666667"
"259",0.239033993230285,1.88962036260033,0.560698705286936,0.110055817417785,0.0544464507313822,1.06179876523003,0.74865253334103,NA,0.162560131054437,0.0309234524013003,478.753333333333,"478.753333333333"
"260",0.228953583829277,1.81468028524193,0.541271965146806,0.105324479851443,0.0516342749524888,1.02268325668953,0.721287922368589,NA,0.15304805125156,0.0298450666238399,479.82,"479.82"
"261",0.220121879158082,1.73554649410054,0.51746278965168,0.100605813270706,0.0489386232315316,0.978538295368936,0.693916315115508,NA,0.143919317698906,0.0286969943775955,480.886666666667,"480.886666666667"
"262",0.212727529486824,1.66162909710309,0.495663307326429,0.0963650417102648,0.0470032936394911,0.936954676772103,0.66939351537072,NA,0.135383700733495,0.0275805225357182,481.953333333333,"481.953333333333"
"263",0.204942466708959,1.59488359582405,0.476763524063141,0.0917543614692965,0.0458320428779395,0.898389363857821,0.647949418385757,NA,0.127237154035662,0.0264925234298018,483.016666666667,"483.016666666667"
"264",0.198225362323793,1.53651760280984,0.460034080364465,0.0881125787658708,0.0436061069497239,0.86538765578947,0.632170305772373,NA,0.120572098962735,0.0255291903507799,484.08,"484.08"
"265",0.195618903428792,1.49489026933566,0.449049994692013,0.0862091728605266,0.0420971977763214,0.843584839293254,0.624424076075665,NA,0.114953076678474,0.0248610615718374,485.143333333333,"485.143333333333"
"266",0.19632008294571,1.46670868486216,0.444424470614387,0.0856827538458725,0.0414031108677209,0.833687642096516,0.621472402974129,NA,0.110585584978999,0.0246191784526534,486.206666666667,"486.206666666667"
"267",0.198869945221061,1.45195214555219,0.446712450110643,0.0858166649331033,0.0406574751251219,0.832692424232178,0.622712115582201,NA,0.107064459584726,0.0247728102650479,487.273333333333,"487.273333333333"
"268",0.203116886174359,1.44718767957006,0.454718322949542,0.0865357451590592,0.0405266318153351,0.841725201329008,0.627982336468857,NA,0.104162746062063,0.0253908597128291,488.333333333333,"488.333333333333"
"269",0.209438380618186,1.45391080031569,0.469372419345248,0.0886860569549817,0.0418852314716456,0.860974762153692,0.636545692929395,NA,0.10211357124353,0.0261075883346212,489.396666666667,"489.396666666667"
"270",0.216807931722975,1.46380798356343,0.489277436198991,0.0911660503365068,0.0428064250521556,0.888582895157234,0.64602829626597,NA,0.100354056432676,0.0272871790497032,490.456666666667,"490.456666666667"
"271",0.225248206943329,1.47580466336012,0.510591971537242,0.0934502815652502,0.0434185499880859,0.922006159127256,0.655331999739052,NA,0.0988018623186589,0.028522834767886,491.52,"491.52"
"272",0.234040093431955,1.48629908595644,0.53104803198397,0.0956906159549724,0.044481488634116,0.955906099114819,0.66069491499727,NA,0.0972350710131206,0.0296956741232427,492.58,"492.58"
"273",0.24274095141867,1.49427897230702,0.552938947295363,0.0985952591704707,0.0460293780215073,0.992410101698962,0.664648537601523,NA,0.095308720876981,0.0310252003497379,493.643333333333,"493.643333333333"
"274",0.25071646568842,1.49843908840235,0.574355215948061,0.101938019927996,0.0477103501995051,1.03320906714224,0.668179431485309,NA,0.0935029234749575,0.0323965260846619,494.703333333333,"494.703333333333"
"275",0.257758314608786,1.49844704107317,0.591886141101851,0.105626628418799,0.0488406353289848,1.07385148802583,0.669548207022811,NA,0.0914545789622294,0.0333203007560689,495.763333333333,"495.763333333333"
"276",0.262372339225462,1.49586871940691,0.605961975718736,0.108963381766518,0.0496190808334479,1.11422765026661,0.668625316873546,NA,0.089793673990017,0.0341105266770362,496.823333333333,"496.823333333333"
"277",0.265278313122024,1.48873800122701,0.615796053147069,0.112341479296142,0.0500521599544502,1.15268196062951,0.664970305792102,NA,0.0885475551864531,0.0349566739869404,497.88,"497.88"
"278",0.266848175707623,1.48526417913875,0.623553846824658,0.11428956115521,0.0499157268263516,1.19535135893098,0.66289208421027,NA,0.0873828804042685,0.0356453314501775,498.94,"498.94"
"279",0.265794216243881,1.47404436131479,0.625749298105091,0.115386224949343,0.0496450051385781,1.23261236261598,0.657413992660856,NA,0.0864143785041755,0.0358108589217165,500,"500"
"280",0.262684607413392,1.45742630163847,0.623240955406401,0.116662959852252,0.0497934239236306,1.26407665125818,0.649203543086533,NA,0.0863398461027156,0.0358383949589611,501.06,"501.06"
"281",0.257755831728276,1.44618749958482,0.619247745244728,0.117938434233377,0.05034315438828,1.29891822735597,0.642403551460722,NA,0.0870854327584177,0.0357326676728748,502.116666666667,"502.116666666667"
"282",0.251592352109985,1.43471476187544,0.613670839844933,0.119431846318701,0.0510358390682061,1.33225988304006,0.635601113449786,NA,0.0882633283425391,0.0353802350340533,503.173333333333,"503.173333333333"
"283",0.243964553639323,1.41726294655074,0.604751479856841,0.121519135418274,0.0513182653022569,1.35813708966634,0.625660128837995,NA,0.0893725229653888,0.0351868230576039,504.23,"504.23"
"284",0.235995864072561,1.40022372162055,0.595213588876907,0.122853614311205,0.0514734020332533,1.38235933429144,0.61473116105083,NA,0.091409218796089,0.0351518534810367,505.286666666667,"505.286666666667"
"285",0.227584914808508,1.38696206349466,0.587618750584457,0.12469008327765,0.0511998989517751,1.40874619457249,0.6046361486748,NA,0.0939911475961361,0.0348809710116177,506.34,"506.34"
"286",0.220077310887069,1.37903093502658,0.580816551288505,0.126228825231469,0.0513782174051795,1.43909756189735,0.596637831367531,NA,0.0975441415090743,0.0344345161500781,507.4,"507.4"
"287",0.213679898495665,1.37497322294472,0.576840891197687,0.128413863831728,0.0515873427099197,1.46913102604165,0.589744093262355,NA,0.10125464880897,0.0343898948763712,508.453333333333,"508.453333333333"
"288",0.207639482027504,1.37059428930654,0.573464583026288,0.131782599120814,0.0518102524508804,1.49321458500655,0.582012018749127,NA,0.10476161884675,0.0344589600285064,509.51,"509.51"
"289",0.202122561111858,1.36861871972722,0.573717122389779,0.136072156765733,0.0530346382244608,1.51712656264777,0.575546044305679,NA,0.108817645545591,0.0348088194796634,510.563333333333,"510.563333333333"
"290",0.197268329050854,1.36766665932645,0.57349658131912,0.140542097281087,0.0543457993673609,1.53933314638358,0.569690751270012,NA,0.113077291154136,0.035247920372131,511.62,"511.62"
"291",0.193617472346799,1.37388662795845,0.577443737202922,0.143780989483743,0.054432627291901,1.56587478301108,0.56730235950694,NA,0.117443608840085,0.0361023272310974,512.67,"512.67"
"292",0.191247761663639,1.38125319816765,0.582024601259275,0.147150352621701,0.055089475357361,1.59103018704809,0.565797951836575,NA,0.121577299087116,0.0365381999024929,513.726666666667,"513.726666666667"
"293",0.189068028081634,1.38586232742629,0.585933135134092,0.151532160377205,0.0565074746284103,1.60974037404377,0.563244256793992,NA,0.126043492333526,0.0364921667270639,514.78,"514.78"
"294",0.186037022900392,1.3852040654373,0.588773256391206,0.157293292608709,0.0573767740019619,1.62056792476723,0.558652815819498,NA,0.130451544236366,0.0366705990287804,515.83,"515.83"
"295",0.183317377680955,1.3898934451812,0.594872433610226,0.162209946189712,0.0576430163849155,1.63768034486039,0.556961327810736,NA,0.134899337684513,0.0373161235848059,516.883333333333,"516.883333333333"
"296",0.180852282065481,1.39579986350451,0.601863981155217,0.166891551757631,0.0588330089421366,1.65483161743546,0.556653503592238,NA,0.138946735060861,0.0382970404960731,517.94,"517.94"
"297",0.178522165710097,1.39596775035429,0.605602050505214,0.171708876527486,0.0594115675356998,1.66386511496227,0.553993899678706,NA,0.142425240527705,0.0390238795323516,518.99,"518.99"
"298",0.177478474417722,1.40174126953563,0.609521739937742,0.176338611824948,0.0600751427423811,1.67816109024225,0.553024305012054,NA,0.146677159188224,0.039609731766385,520.04,"520.04"
"299",0.175866027326364,1.40552229676022,0.612511266131516,0.17996002607861,0.0606164937805988,1.6912592472193,0.551627342167323,NA,0.15108020859636,0.0402104150924338,521.09,"521.09"
"300",0.173458519913002,1.40799394473666,0.615743615559411,0.184045469419971,0.0622175094252777,1.70213388643798,0.550198156431946,NA,0.155060324406996,0.0408544185161396,522.14,"522.14"
"301",0.171308621141172,1.40700680671074,0.615913283355938,0.188817240292889,0.0637709904758775,1.70822075925972,0.547198048924666,NA,0.157807513507568,0.0412791885877806,523.19,"523.19"
"302",0.169410955227382,1.40414294028826,0.615409938354442,0.191530406679432,0.0640176368735004,1.71204657612937,0.54330526698052,NA,0.160230195956985,0.0413374639483104,524.24,"524.24"
"303",0.166698428514792,1.40369132067279,0.615046437120104,0.194113552390533,0.0635145326054296,1.71800801559137,0.540103739961199,NA,0.162605489293456,0.0416431410517187,525.29,"525.29"
"304",0.165012909308854,1.40906683283556,0.616958569186936,0.196634396969183,0.0641111279008973,1.73070808300319,0.539446219340279,NA,0.165355941080945,0.0420737066356737,526.34,"526.34"
"305",0.164272670932477,1.4163251835,0.620706457909179,0.198573508187241,0.0647588877734041,1.74495919662078,0.540053742732142,NA,0.168723634560766,0.0426831505651577,527.39,"527.39"
"306",0.163455615187174,1.42308815110615,0.623191658150796,0.200985298865958,0.0649703427982709,1.75768541816872,0.540641399558615,NA,0.171288066603007,0.042939118224685,528.433333333333,"528.433333333333"
"307",0.161748596137942,1.42640297139415,0.624573995045508,0.203878875587806,0.0657427359556465,1.76604258000207,0.539998357390976,NA,0.173029597831251,0.0430163403360991,529.48,"529.48"
"308",0.159893002318552,1.42585661408137,0.624595949445084,0.205885303927395,0.0664925250867086,1.76977468030645,0.538588688858292,NA,0.173907231364986,0.042978829832344,530.53,"530.53"
"309",0.158539387666074,1.42553283029184,0.625154033643322,0.207039012193515,0.0659945545580111,1.77339251283245,0.537214186917837,NA,0.174789240370559,0.0431041864211078,531.58,"531.58"
"310",0.158270464552133,1.43184143933792,0.627201561481775,0.208212314650897,0.0658008786820982,1.78430553634382,0.537893355190992,NA,0.176555365858697,0.043503130495613,532.62,"532.62"
"311",0.157101628557984,1.43748016092144,0.628548927467532,0.21035023470884,0.0659107244934466,1.79389370103782,0.538310190443462,NA,0.177788191437412,0.0435694206732666,533.67,"533.67"
"312",0.156189930149779,1.44056313058392,0.629927290825297,0.211802323050111,0.0663980208507405,1.80268350906113,0.538856887138442,NA,0.178664235648849,0.0438267571855992,534.716666666667,"534.716666666667"
"313",0.156237381829733,1.44295120721572,0.630787812706323,0.212303463384968,0.0656293899052887,1.81084422462516,0.539035522829012,NA,0.179516174635717,0.0437902676677393,535.76,"535.76"
"314",0.156359995558237,1.44179929476215,0.630689088341275,0.212925387949625,0.0652065080888047,1.8106890591743,0.537726354039812,NA,0.180558315263188,0.0438202675519646,536.806666666667,"536.806666666667"
"315",0.155605549739765,1.43913762679118,0.629166697419385,0.21315501078243,0.0650277051917816,1.80855628905132,0.535812942652313,NA,0.180728621291112,0.0439177857660977,537.85,"537.85"
"316",0.154976402528797,1.44227477830785,0.631190441104002,0.214629148044055,0.0658353614489704,1.815509056778,0.536384881683557,NA,0.181541951724026,0.0441473916760183,538.893333333333,"538.893333333333"
"317",0.153523448887476,1.44009678310012,0.630245646280863,0.21531429526154,0.0656119552360531,1.81660770780383,0.534593725942028,NA,0.181575507153837,0.0441137477481707,539.94,"539.94"
"318",0.152895382774208,1.4432441076048,0.631300637181199,0.216146574235196,0.0643779272163376,1.82353527257864,0.534753593860135,NA,0.182472577333683,0.0445812263481599,540.98,"540.98"
"319",0.152633477223455,1.44875398372381,0.635773219740033,0.216027412024698,0.0630215134147103,1.8325424865086,0.536553225560964,NA,0.183524953043155,0.0446984041365578,542.023333333333,"542.023333333333"
"320",0.15230784723004,1.44998935919383,0.636393783030408,0.216008357498849,0.0609967962400912,1.83709950550233,0.535954543852046,NA,0.184247590165994,0.0446351540364994,543.066666666667,"543.066666666667"
"321",0.151682228867109,1.44872332684272,0.633990094306422,0.216423350230847,0.0593138482968609,1.83956788549421,0.533358119579751,NA,0.184157465994302,0.0445403539903109,544.11,"544.11"
"322",0.152146693679255,1.45256774381865,0.633760308411802,0.217773235050909,0.0603439339622502,1.84707047852082,0.532439955488298,NA,0.184136353688033,0.0448026128652911,545.15,"545.15"
"323",0.151082584241611,1.45125355128056,0.630945516702948,0.218519376905953,0.0620467031775387,1.8487119823844,0.531621641638829,NA,0.183868823294027,0.0449916070750939,546.193333333333,"546.193333333333"
"324",0.148844318411934,1.44319519520255,0.626307551356972,0.219730059566833,0.0627789900061294,1.84236118843527,0.529160649571412,NA,0.183886266149122,0.0450232286453531,547.233333333333,"547.233333333333"
"325",0.147755764977985,1.44131444567628,0.62517572797691,0.221541508229091,0.0635200164857744,1.8426550805332,0.527718810545435,NA,0.184107547180627,0.0450241212467134,548.273333333333,"548.273333333333"
"326",0.146848876646327,1.44274813770026,0.624031158616294,0.222833562676646,0.0639308961142502,1.84650740705943,0.526883625524297,NA,0.184788362969365,0.045199196890401,549.313333333333,"549.313333333333"
"327",0.145941164089678,1.44078433479925,0.620483749836935,0.223274031890181,0.0644646363640838,1.84618749570286,0.524679198678588,NA,0.185346438004667,0.0454275817837452,550.353333333333,"550.353333333333"
"328",0.145911678446734,1.43874840274046,0.617313615278718,0.222600054899297,0.0647873577635483,1.84591289812816,0.522497666866494,NA,0.185511512281323,0.0457041998639485,551.393333333333,"551.393333333333"
"329",0.144672397897016,1.44075374876711,0.616486613985488,0.22399528338461,0.0645687072273226,1.85017255612652,0.521356040691288,NA,0.186241851342124,0.045919506043461,552.433333333333,"552.433333333333"
"330",0.143431106878667,1.4395083903355,0.612665437917467,0.225503653404503,0.0639583839962079,1.84966826633477,0.519164259731439,NA,0.186307775746953,0.0463400222195143,553.473333333333,"553.473333333333"
"331",0.142760276206389,1.4359151405966,0.607721137625358,0.226388797590891,0.063947400928716,1.84715546596643,0.515901616525155,NA,0.186776952344619,0.0466376809337662,554.51,"554.51"
"332",0.142085932783696,1.4337503982512,0.605194552994764,0.226940674643168,0.064164711892176,1.84699763709134,0.513528147640819,NA,0.187478018208792,0.0467166582950392,555.546666666667,"555.546666666667"
"333",0.140580173512998,1.43541025062903,0.604237796019978,0.22752525155052,0.0637544987923067,1.85228326791129,0.512932066899793,NA,0.187624378594781,0.0471515083869119,556.583333333333,"556.583333333333"
"334",0.13943316047079,1.43564495773279,0.600679402384805,0.227649112585516,0.0630214410183305,1.85426428659093,0.511153528412461,NA,0.187306493645176,0.0472513641645631,557.623333333333,"557.623333333333"
"335",0.138748765327507,1.43475139916367,0.597132430321382,0.227367579378396,0.0626071215773009,1.85552162757721,0.509134138196848,NA,0.187256991727315,0.0471980021448609,558.656666666667,"558.656666666667"
"336",0.137064909779802,1.42888502200123,0.591377767035176,0.227535693732927,0.06240453426318,1.8512339040463,0.505164853791307,NA,0.186674183849437,0.047114296504874,559.693333333333,"559.693333333333"
"337",0.134802409022813,1.42233185094392,0.585978891985525,0.22833178159691,0.0626691152776054,1.84783972982029,0.500978672344686,NA,0.185452593783649,0.0473454063485165,560.733333333333,"560.733333333333"
"338",0.134331374557176,1.42027108197366,0.583765641317737,0.227440924267186,0.0624392274553813,1.84999736163884,0.497658957350022,NA,0.185161511489728,0.0478090127351402,561.766666666667,"561.766666666667"
"339",0.134046189086174,1.41686927068764,0.58029341800517,0.226220785055775,0.0620563888517661,1.84810676956088,0.493469264646113,NA,0.184792636686372,0.047949458757648,562.803333333333,"562.803333333333"
"340",0.132005645515622,1.41073978256969,0.576069669269604,0.224786556807924,0.061761100717525,1.84380346758929,0.488685281526318,NA,0.183271952689001,0.0481270552131676,563.836666666667,"563.836666666667"
"341",0.130778882313197,1.40968434270848,0.572420925838541,0.223780137674256,0.0617001863865177,1.84967190098527,0.486620005052373,NA,0.182232983125174,0.0483415097915862,564.873333333333,"564.873333333333"
"342",0.130149157322067,1.40508258009633,0.568435932658506,0.22303614738952,0.0614846062088711,1.85258482040079,0.483568371413484,NA,0.180816357703049,0.0485332494014953,565.903333333333,"565.903333333333"
"343",0.12851111996801,1.39475943490742,0.562307017334372,0.221342986226654,0.0614242549924586,1.84819808198449,0.478442198041163,NA,0.178760577719365,0.0480489297098562,566.936666666667,"566.936666666667"
"344",0.127386020282351,1.38879492176403,0.558654393791372,0.219432483064271,0.061495514725981,1.84917785538285,0.474666751963065,NA,0.178201343308155,0.048056934512288,567.973333333333,"567.973333333333"
"345",0.126542928009992,1.38452286269133,0.553746726565988,0.219627294044905,0.061310389632853,1.85172991431004,0.471001232215351,NA,0.177017571336579,0.0483099889511789,569.003333333333,"569.003333333333"
"346",0.124947627533259,1.37767616642629,0.549547975529989,0.218323970493999,0.0596377965478424,1.84950389382486,0.466357264340977,NA,0.174862504202028,0.0485167735147958,570.036666666667,"570.036666666667"
"347",0.123021210041484,1.37005531721549,0.545355820094255,0.214652303631463,0.0580034309005047,1.84984522993848,0.461485274614347,NA,0.172646470621015,0.0487553181747599,571.066666666667,"571.066666666667"
"348",0.122381382435483,1.36144669365333,0.542222275509254,0.212245001127475,0.0571104289911465,1.85148807391015,0.456655848744897,NA,0.1707165682055,0.0491060776764383,572.1,"572.1"
"349",0.121688033100446,1.35392070065977,0.53914053424424,0.210451224308495,0.056991035532086,1.85314502819815,0.45270060993268,NA,0.168957875935286,0.0498225398216615,573.13,"573.13"
"350",0.12082671782943,1.34774626192711,0.536842443395709,0.208248009849205,0.057314393520743,1.8575950386032,0.449019731554898,NA,0.168168059908445,0.0506963875315874,574.16,"574.16"
"351",0.119297781716633,1.33453468989597,0.534334775048344,0.205211435879426,0.0568174703482452,1.85572425582188,0.444032819061273,NA,0.166567426457148,0.051423251161106,575.19,"575.19"
"352",0.118143105205222,1.32345518849033,0.532884186155512,0.202696352748837,0.0552076490840643,1.85417817570789,0.439208022564884,NA,0.164906090730854,0.051831598361428,576.22,"576.22"
"353",0.117564950773338,1.3181917309208,0.532690839812914,0.200655498271276,0.0550243560757017,1.85692971176596,0.435388987390432,NA,0.163024260819444,0.0529580703597234,577.25,"577.25"
"354",0.116281952169478,1.30491607232004,0.530400611857828,0.198260151588886,0.055077779514713,1.85203616403913,0.429082188416099,NA,0.160389807667109,0.0545358566915759,578.28,"578.28"
"355",0.114318180134093,1.2884136326978,0.527409686438804,0.195673346601857,0.053836256049173,1.84639164389229,0.422823692043134,NA,0.157752321552032,0.0559553010933852,579.31,"579.31"
"356",0.113681542187645,1.28085198690402,0.529005636405798,0.193254150683275,0.0526311938417066,1.85095271697483,0.419484510973744,NA,0.156085420937575,0.057388792308499,580.336666666667,"580.336666666667"
"357",0.112587319691075,1.27102654914483,0.531223575308275,0.191631164323138,0.052323880531264,1.85508811127395,0.415690463412493,NA,0.154501488782329,0.0593722596145074,581.366666666667,"581.366666666667"
"358",0.111219432076508,1.25931290332296,0.533806098181475,0.190783971731766,0.0524924011708947,1.85949979913744,0.410904590250389,NA,0.15265756031312,0.0616038421724542,582.393333333333,"582.393333333333"
"359",0.10868555212183,1.24521957425013,0.536340065991618,0.189338751875453,0.0527860069880232,1.85664691591476,0.404655116588636,NA,0.151078981969593,0.0638172323378676,583.42,"583.42"
"360",0.106525279507965,1.22991595582294,0.540496337719501,0.187901358896227,0.0522187211691662,1.8516197035094,0.399061162011263,NA,0.149009426300618,0.066550907747912,584.446666666667,"584.446666666667"
"361",0.104578750508411,1.21532351105378,0.545416015206471,0.186736292539287,0.0511948245752428,1.85283211891543,0.394792934138987,NA,0.146557503925752,0.0700576163302555,585.47,"585.47"
"362",0.104146182269569,1.2030867947017,0.551469646622374,0.185237084514012,0.0511966716723086,1.8576166796698,0.39033806661614,NA,0.144651229347226,0.074045573680511,586.5,"586.5"
"363",0.103628365649475,1.19272730827781,0.560103178227076,0.184403920312843,0.0508492864216657,1.86575888939184,0.386357929259169,NA,0.143572417659373,0.0780203484166024,587.523333333333,"587.523333333333"
"364",0.10268549525445,1.18186673011311,0.570428444680013,0.182767116196192,0.0502282096374722,1.87258980929727,0.382637655124677,NA,0.142209559795212,0.0822070598056337,588.55,"588.55"
"365",0.101869871254882,1.17046009989431,0.582523766524723,0.180741340511494,0.0502083515185895,1.88232871936045,0.37871280529578,NA,0.140331501245676,0.0874699822448569,589.573333333333,"589.573333333333"
"366",0.10080239184207,1.15688713117406,0.59666293025562,0.180409337694079,0.0504544787359613,1.89453216188607,0.373717061767932,NA,0.137819185643694,0.0937376006007654,590.6,"590.6"
"367",0.099117788039484,1.14345123395758,0.611023150411604,0.178840129705384,0.0496245159189492,1.9074181300251,0.368541045241567,NA,0.135486899656848,0.100468231066946,591.62,"591.62"
"368",0.097262630594642,1.12880577888975,0.624259922616642,0.177074880782605,0.0481129816350474,1.91756595181183,0.363855588861647,NA,0.133321083239035,0.107123922448565,592.646666666667,"592.646666666667"
"369",0.0956525587476134,1.1156773946984,0.636165375244263,0.174803139750507,0.0478150300904437,1.93055651988392,0.360252427484854,NA,0.131426341871139,0.114032973490718,593.67,"593.67"
"370",0.09438847441304,1.10108315421258,0.643028787294684,0.172771132177318,0.0473296503472907,1.94134686879488,0.355765813978943,NA,0.129134232363834,0.12107114552294,594.69,"594.69"
"371",0.093071012676631,1.08807740494281,0.642172201948471,0.170581689919519,0.046622664058861,1.9480970582917,0.350796632897393,NA,0.127000621569183,0.128256452944229,595.71,"595.71"
"372",0.0913643191151155,1.07506809366422,0.633664837105121,0.167664003752734,0.0466409677913258,1.94719860518784,0.345675266781149,NA,0.125162910602038,0.135043737598641,596.74,"596.74"
"373",0.0892047037378574,1.06207804770974,0.619172261491539,0.163028252973237,0.0467167623980577,1.93760759994135,0.340857238386568,NA,0.12295520143328,0.140386680886636,597.76,"597.76"
"374",0.0882873177636575,1.04457856172974,0.601489770347555,0.158488356554032,0.0448141622880966,1.91675016181897,0.336057488148922,NA,0.120324325116946,0.143181943150572,598.78,"598.78"
"375",0.087028617050162,1.02858097015748,0.586490090420916,0.154843485017468,0.0431973632541916,1.89002722113255,0.33140309990099,NA,0.117444094177039,0.143820139776563,599.8,"599.8"
"376",0.0852389205323972,1.01495252128844,0.576443406598074,0.149724515020645,0.0419389273663822,1.8646668128764,0.327093203312948,NA,0.114420557522337,0.142579356429146,600.82,"600.82"
"377",0.0839556908965164,1.00118282099226,0.570378923428928,0.144834050753566,0.0401420427356489,1.84520783334822,0.323486160942558,NA,0.112199655367369,0.140275355004004,601.84,"601.84"
"378",0.0824898819289636,0.984684912908007,0.5666494461461,0.140973107741114,0.0381768359596321,1.82593340956406,0.318828081410472,NA,0.110165336513048,0.136692278628895,602.86,"602.86"
"379",0.0809614330271873,0.971669283415824,0.569317582733326,0.138432488021442,0.0369988732736072,1.81234027710628,0.313614517815995,NA,0.108084983892903,0.133497045356763,603.88,"603.88"
"380",0.0800059476474468,0.957440666391574,0.574774506747618,0.136247237710126,0.0371364528274043,1.79800270214085,0.308377680446018,NA,0.106074116799048,0.13173050709894,604.9,"604.9"
"381",0.0793272376888658,0.942137397770773,0.582827005904457,0.134316158696398,0.0380815012840069,1.79213012257102,0.303605568746779,NA,0.104129976855162,0.131681285338686,605.916666666667,"605.916666666667"
"382",0.077476594842471,0.926712423155055,0.592444098288896,0.131627573031391,0.0379049947529337,1.79525877989015,0.299468925555208,NA,0.101543458332752,0.132886546431062,606.93,"606.93"
"383",0.0761927528276551,0.911390577151764,0.599913910985827,0.129317799714159,0.0378670427744198,1.79913208447072,0.294710351787356,NA,0.0995302957400658,0.13495514324252,607.95,"607.95"
"384",0.0750223702343429,0.898450628831702,0.602286384648693,0.127742770652261,0.0382818498474781,1.803041248589,0.289691909719489,NA,0.0976418306514279,0.138372630271398,608.97,"608.97"
"385",0.0737984133479202,0.883972537350629,0.593125231490364,0.125892584542707,0.0379642960234761,1.80108532452589,0.284940962016011,NA,0.0957921082642128,0.142158033944575,609.983333333333,"609.983333333333"
"386",0.0725088302825346,0.867900380304531,0.570508630498903,0.122429840265707,0.0374275213224021,1.78406386621097,0.280661487542212,NA,0.0937362159123634,0.145052804932841,611,"611"
"387",0.0717309430117238,0.852396215176105,0.535562155229361,0.117653509516737,0.035401291137679,1.74696177204602,0.276405245871016,NA,0.0921547640045168,0.146673253431057,612.02,"612.02"
"388",0.0696518441749537,0.837792321020128,0.49301067608989,0.112397400007893,0.0340192837858731,1.6877819640824,0.271716386018617,NA,0.0905191339627162,0.145889515651796,613.03,"613.03"
"389",0.0678266937203761,0.822631257426979,0.45167435481825,0.107853777548039,0.0322210177095444,1.61385556651122,0.266970751547693,NA,0.0889417085194028,0.140975465261441,614.05,"614.05"
"390",0.0664600800748249,0.808299881799331,0.416882231615547,0.102999019188638,0.0308157925284119,1.53651746984849,0.263041588231952,NA,0.0869544701552476,0.132205840236947,615.06,"615.06"
"391",0.0655972388625207,0.797064016048165,0.387849495215954,0.098634032315666,0.0295392493044624,1.46110158961205,0.25939284304873,NA,0.0848380538154454,0.119515033934841,616.076666666667,"616.076666666667"
"392",0.0648283908029268,0.785557218176828,0.364567386720223,0.0954145461506117,0.0281090299187936,1.39053516444036,0.255293188480921,NA,0.0829393307602423,0.104717820483808,617.09,"617.09"
"393",0.062915849709182,0.770243839937559,0.343306316596963,0.092914483731438,0.0288818144717595,1.32495215964251,0.250374442699911,NA,0.0811127403305765,0.0897508277876902,618.103333333333,"618.103333333333"
"394",0.0618577279870566,0.75591715012107,0.325993305457973,0.0899774255204567,0.0279694394201616,1.27004586558608,0.24573683532813,NA,0.0797534501911005,0.0766698315561278,619.116666666667,"619.116666666667"
"395",0.0612450227372679,0.743505825031006,0.311554853788114,0.0874191534594947,0.0259690127923153,1.22620570988456,0.241396264448602,NA,0.0784620335467606,0.0656423271665061,620.13,"620.13"
"396",0.0606462315615066,0.731318590963125,0.299821227167911,0.08530523962167,0.0252611565206419,1.18779432794,0.237421327102182,NA,0.0771689882753529,0.0562328496949007,621.14,"621.14"
"397",0.0594122094471645,0.716707694827254,0.288111754651207,0.0837696859212481,0.0259824217409212,1.14750526062822,0.232855600152954,NA,0.0759568905932544,0.048346820956407,622.153333333333,"622.153333333333"
"398",0.0579436697646305,0.703535097376253,0.278308152145792,0.0827678436137016,0.0263886137080638,1.11385753360723,0.228401719710187,NA,0.0748057315178019,0.0419330440622269,623.163333333333,"623.163333333333"
"399",0.0566110828659633,0.690427449701327,0.270512401159889,0.0805715768581549,0.0255090759627855,1.08432674054421,0.224292557455942,NA,0.0733082836332087,0.0372865254331556,624.176666666667,"624.176666666667"
"400",0.0553106830382196,0.676027428826479,0.26122789266176,0.077937253087817,0.0242260676776208,1.05519653182862,0.220231161326111,NA,0.0712260894972084,0.033272456820115,625.186666666667,"625.186666666667"
"401",0.0535763991688091,0.660502620452372,0.251790807984164,0.0759473951038643,0.0242057653913102,1.02555610595203,0.215564606215542,NA,0.0690976535810795,0.0294902403583068,626.196666666667,"626.196666666667"
"402",0.0521755263947315,0.645013907429598,0.244061394703356,0.0750850358497309,0.024693157481225,0.998868857840507,0.210007394114261,NA,0.0675258938965494,0.0265660333532343,627.206666666667,"627.206666666667"
"403",0.0508825849715922,0.632309683347714,0.237656381625068,0.0729536470763134,0.0234352444537247,0.976034297427156,0.205592780747922,NA,0.0661335153253912,0.0243937830664844,628.216666666667,"628.216666666667"
"404",0.049639095905058,0.618502966499522,0.231268867856156,0.0709463773114983,0.0221372050153238,0.954394225919103,0.201897978531901,NA,0.0647776943936177,0.0224046829072252,629.223333333333,"629.223333333333"
"405",0.0487682868383958,0.604179614605338,0.225990001113509,0.0696565639523631,0.0212689497657516,0.932869187686922,0.197783343977178,NA,0.0643833555681746,0.0205311115468742,630.233333333333,"630.233333333333"
"406",0.0477089141397302,0.591460145868773,0.220868282738304,0.0688250544035204,0.0216011329838497,0.910396938949825,0.193589357144532,NA,0.0632475358511801,0.0191129385538268,631.24,"631.24"
"407",0.0460542317098422,0.580982460357697,0.215398322698338,0.0681778068840237,0.0223723710118974,0.891690812795858,0.19003641314325,NA,0.0614565400600513,0.0179351352956099,632.246666666667,"632.246666666667"
"408",0.0443587898666859,0.57090861386763,0.21116344957858,0.067118542552567,0.0222180700702721,0.875758438485523,0.187267960994249,NA,0.0603907052402769,0.016888616151654,633.256666666667,"633.256666666667"
"409",0.043934311555104,0.558682293685943,0.207312872533333,0.0661326154654036,0.0212734270114913,0.85947758471845,0.183388404134743,NA,0.0597395740360996,0.0160999238572574,634.263333333333,"634.263333333333"
"410",0.0433181977180855,0.544506669946749,0.202578406676751,0.0665568626206353,0.0218238112219003,0.842816186185389,0.178541752766227,NA,0.0588216503155916,0.0155863005457235,635.266666666667,"635.266666666667"
"411",0.0419028903097539,0.531559836555772,0.198126407384243,0.0658615605068268,0.0215523435386585,0.824655516221444,0.174023959062874,NA,0.0571202555224453,0.0149062257835996,636.276666666667,"636.276666666667"
"412",0.039997210863488,0.518657579628029,0.193977927435959,0.0650176533218116,0.0210694655145351,0.808817513616255,0.170034732838626,NA,0.0556333927133905,0.0139087380085672,637.283333333333,"637.283333333333"
"413",0.039452203336653,0.508202240778401,0.192348450407587,0.064622738550329,0.0192197630528597,0.794705256341189,0.166598328418786,NA,0.0547273496677031,0.0138013454350027,638.286666666667,"638.286666666667"
"414",0.0384334326725309,0.498732370204496,0.190324467152675,0.0651588815313756,0.0176536433297167,0.780171242581579,0.162904971939505,NA,0.0534852810606023,0.0136940199500191,639.293333333333,"639.293333333333"
"415",0.0373717700202573,0.488842376464437,0.186929367368242,0.0638727213007333,0.0178833207339135,0.767563944739737,0.158997841364804,NA,0.0518097851486764,0.0130891776509296,640.296666666667,"640.296666666667"
"416",0.0366000382048665,0.4776001477547,0.183518095573654,0.06212249234486,0.018986932610473,0.754822980666566,0.155757401469514,NA,0.0512456862076314,0.0128993054267022,641.3,"641.3"
"417",0.0357477332404949,0.465959248775057,0.180578543471137,0.0614639613801392,0.0195728613112703,0.741530421563536,0.152510119093563,NA,0.0509998479325443,0.0129829225731719,642.303333333333,"642.303333333333"
"418",0.0348089113643618,0.45396240170253,0.178546329666342,0.0628658577877095,0.0212587410267673,0.730419331086231,0.148647643947173,NA,0.0502908271319979,0.0127389464672391,643.306666666667,"643.306666666667"
"419",0.0334965223470062,0.442942631250895,0.176299116773943,0.0634226735366825,0.0211234739805503,0.721702552255593,0.145388511335276,NA,0.0498631027893129,0.0123439779895513,644.31,"644.31"
"420",0.0323615235969195,0.433477510515213,0.173405853192623,0.0636929639555911,0.0208557495832196,0.711672224708263,0.142421591958264,NA,0.0489937881741201,0.0123362050798705,645.313333333333,"645.313333333333"
"421",0.0317477635570386,0.422557097736781,0.170562071662582,0.0624849773319593,0.0202599445023302,0.701740129847154,0.138979118881325,NA,0.0474308390804973,0.0119755832852483,646.313333333333,"646.313333333333"
"422",0.0319416944857069,0.411376284574991,0.168521326656619,0.0619255909547116,0.0195360990429471,0.694305537989741,0.135801275394672,NA,0.0462890247995963,0.0121395457053462,647.316666666667,"647.316666666667"
"423",0.0312303671849653,0.401790469702125,0.167694489520041,0.0627605984056798,0.0191014184979598,0.685952510232791,0.132523075710713,NA,0.0454940488209191,0.0126862383832285,648.316666666667,"648.316666666667"
"424",0.0304417647669314,0.39209307061713,0.166985282138923,0.063242053985956,0.0205043832204812,0.676033390207297,0.129530839477542,NA,0.0444891052799631,0.0130066382130169,649.316666666667,"649.316666666667"
"425",0.0290680186691887,0.382735907893325,0.16617522555306,0.0626750026408942,0.0194300548848852,0.670786670641172,0.126457213583912,NA,0.0436497610215552,0.0130452831029079,650.316666666667,"650.316666666667"
"426",0.027312369233786,0.375031175668278,0.166239385793733,0.061758719264976,0.0183038170671693,0.667496310285084,0.123598127590988,NA,0.0418643119993991,0.0131040614972641,651.316666666667,"651.316666666667"
"427",0.0269052658117998,0.366824877951462,0.167228551811299,0.0611203357333861,0.0184505191124498,0.665217378551249,0.120787627906764,NA,0.040877621519186,0.0132692390846958,652.316666666667,"652.316666666667"
"428",0.0266353639668137,0.356523246677671,0.166955860307686,0.0608484444485943,0.0193803949355956,0.66402536530698,0.117698403751568,NA,0.0398990955072595,0.0130610771905936,653.316666666667,"653.316666666667"
"429",0.0252969579885726,0.347256411838582,0.166920690604833,0.0607787093732379,0.0191472901536444,0.662784049734914,0.114732048354831,NA,0.038714610614227,0.0129322732957411,654.316666666667,"654.316666666667"
"430",0.0241885069651353,0.338232556218984,0.167691527963948,0.0609291395960513,0.018711363074184,0.659725681374484,0.112013378528171,NA,0.0375339277101245,0.0129903097001845,655.313333333333,"655.313333333333"
"431",0.0233659379928771,0.32972338836787,0.167988900152731,0.0608042980458774,0.0182941484326815,0.657593479813406,0.108576375918156,NA,0.0361193010512706,0.0125604613619269,656.31,"656.31"
"432",0.023386632861625,0.321891851111505,0.169709824738775,0.0608833089165747,0.0186219903091936,0.658075603148283,0.105333373023661,NA,0.0352757117304457,0.0125481741400685,657.31,"657.31"
"433",0.0218680855234104,0.31390350899684,0.170052070051493,0.0616034606214242,0.0195659141454152,0.662018858861866,0.102830169219143,NA,0.0340970362418215,0.0125539489624818,658.306666666667,"658.306666666667"
"434",0.0206711451290938,0.305993543470364,0.171424575176215,0.0619584830027767,0.0203330470857615,0.668010241199446,0.100716434009592,NA,0.0325987654963454,0.0129545196674606,659.303333333333,"659.303333333333"
"435",0.0205944860816278,0.297758650511015,0.174144318343877,0.0614109417386137,0.0202519299979497,0.672421503305073,0.0981474142153915,NA,0.031743369166322,0.0137217701834081,660.3,"660.3"
"436",0.0203656589231952,0.290846160561977,0.176974857075836,0.0602843868773446,0.0200158594202323,0.675310077423454,0.0959824199385297,NA,0.0306944894727909,0.0142380714468529,661.293333333333,"661.293333333333"
"437",0.0202328994230708,0.284357172862827,0.178195567771762,0.0589180441677184,0.0190116391328005,0.680431935604301,0.0941570384510642,NA,0.0301351588259697,0.0142068275747465,662.29,"662.29"
"438",0.0185086654866141,0.277023047163747,0.17507936051327,0.0590796623824663,0.0183147497018024,0.683543360689689,0.0911483791811016,NA,0.0289993642338168,0.013348227993479,663.286666666667,"663.286666666667"
"439",0.0166160156189051,0.269235100666171,0.172075891204099,0.0593241994729768,0.0187636753182112,0.683710646842331,0.08815651228932,NA,0.0274922141813953,0.012760002092921,664.28,"664.28"
"440",0.0165392422338455,0.262160798104146,0.169324871368797,0.0569256983440662,0.0188665411133451,0.680185254185785,0.0859279952849244,NA,0.0263528847517296,0.0125231705345083,665.273333333333,"665.273333333333"
"441",0.016505801017996,0.255226442987037,0.165754000824743,0.0532948225083984,0.0186291818362569,0.672304394865851,0.0842143958192091,NA,0.0254180483214811,0.0125075635387149,666.27,"666.27"
"442",0.0157687922873123,0.249011357408995,0.160845508396863,0.0516145675626078,0.016863430124118,0.661986700564787,0.0821994187582435,NA,0.0240057855685907,0.0121983243943138,667.26,"667.26"
"443",0.0150086488084806,0.243565534522789,0.157354385188067,0.0510028265892754,0.0147582427209676,0.648456896141236,0.0800356990275802,NA,0.0231063486091041,0.0116811376693803,668.253333333333,"668.253333333333"
"444",0.0153122710585783,0.23791548304224,0.154941644103761,0.0490036219721629,0.0138332672197786,0.632737374547857,0.0781232631194015,NA,0.0223291368131311,0.0107953023071022,669.25,"669.25"
"445",0.0146182700166015,0.232093168384071,0.151097765734442,0.0479738914458347,0.0147822975945846,0.615600565534532,0.0763103665810566,NA,0.0215772152171706,0.010422112900215,670.24,"670.24"
"446",0.012938310846128,0.225067577365067,0.146967670375735,0.0463949711150759,0.0156394794614206,0.598359463935496,0.0737817325079677,NA,0.0207470742912876,0.0105846600730211,671.23,"671.23"
"447",0.0125447851779086,0.220274478299498,0.142448498797301,0.0458881236074364,0.0159344688099974,0.582980124359403,0.0718867081341384,NA,0.0200561279952097,0.0101898769614944,672.22,"672.22"
"448",0.0132392606306274,0.215632279695648,0.137895115032788,0.0456725144724148,0.0152786029817207,0.570309731945987,0.070368910147645,NA,0.0198830486288519,0.00952581468534528,673.21,"673.21"
"449",0.0128228252866034,0.210011280326481,0.132401033285897,0.0431842933119174,0.0129341359668805,0.55733660618791,0.0687521966794678,NA,0.0190948973923563,0.0087431236458412,674.2,"674.2"
"450",0.0118327782648634,0.203826773235416,0.128204877217335,0.040917544676127,0.0115738029367898,0.541210515640659,0.0667361766291083,NA,0.0178253035158286,0.00804834955221126,675.19,"675.19"
"451",0.0108059002484714,0.199467242295965,0.124369451279312,0.0404142066531343,0.0119595867787146,0.525979714263792,0.0651931839505652,NA,0.0174392448312838,0.00770029574519547,676.18,"676.18"
"452",0.0105446083571264,0.195301116549814,0.120664431608242,0.0404188235686405,0.0119428315533369,0.513768498298683,0.0636955292058163,NA,0.0180695824041764,0.00771306074397804,677.17,"677.17"
"453",0.00914081472423142,0.189917995456897,0.116598618327313,0.0402741018805963,0.0117065653128725,0.499392407250617,0.0621817383896939,NA,0.0171766555276676,0.00723821973183532,678.16,"678.16"
"454",0.00717358828586827,0.184159957772837,0.113829158346683,0.0396376756857551,0.0118653817631055,0.482683938007388,0.0606158403108988,NA,0.0158315279345468,0.00675785802637893,679.15,"679.15"
"455",0.00605195009459044,0.17965217364004,0.110933174664308,0.0395776669807713,0.0129176298755904,0.468341440121807,0.0587731543122625,NA,0.0146249455880916,0.0062164439863277,680.14,"680.14"
"456",0.00671461523547658,0.175713227732827,0.108409414120555,0.0393661119066815,0.0126171654308602,0.456112736305735,0.0571923177554113,NA,0.0143655202716166,0.00635977833029714,681.123333333333,"681.123333333333"
"457",0.00772267413154233,0.170602482631997,0.106749990972498,0.0392878965299123,0.0116239397020962,0.446191460100116,0.0559677179118238,NA,0.0147731434670707,0.00674229980293222,682.11,"682.11"
"458",0.00748701298908506,0.16550734159219,0.104723572107751,0.0391673013687332,0.0119500037265077,0.435642267758354,0.0548783413536575,NA,0.0149299047610005,0.00668805814896669,683.1,"683.1"
"459",0.00735605312186086,0.160966064483518,0.103604625541476,0.0395423304112825,0.0121020292867892,0.427296694700282,0.0536955782217617,NA,0.0156115977355984,0.00690858201026028,684.086666666667,"684.086666666667"
"460",0.00692058710494737,0.156619698264398,0.103787426046978,0.0402647579408591,0.0125358564842449,0.418592927394826,0.0522378885101506,NA,0.0152621461494353,0.00679784595859709,685.07,"685.07"
"461",0.00648616021785127,0.152122215962765,0.105480196326675,0.0411981289237255,0.0117578202217066,0.416445807931669,0.0510663290534413,NA,0.0148889512605536,0.00689697216614725,686.056666666667,"686.056666666667"
"462",0.00664146342698968,0.147806943619712,0.107029671412151,0.0437743962284255,0.0123233843614335,0.416171865460744,0.0494970348786984,NA,0.015264561615808,0.00765195639966563,687.04,"687.04"
"463",0.00614727595440909,0.143998517250457,0.106874721004825,0.0466637799264228,0.0151001344131024,0.415125980965617,0.048406535994636,NA,0.0148895874655854,0.00849307986114553,688.026666666667,"688.026666666667"
"464",0.00610284124275274,0.140918610021307,0.107315333426882,0.0490282235222971,0.0183966602607518,0.415013895385887,0.0479203363939209,NA,0.0148212408990548,0.00919719097230202,689.01,"689.01"
"465",0.00564891247153897,0.137111356867846,0.107929338157345,0.0503490663224323,0.0174807858293115,0.416301371254075,0.0469011925202548,NA,0.0148027956008946,0.00958077830403337,689.993333333333,"689.993333333333"
"466",0.00515949107741069,0.13355229596968,0.108559540242872,0.0515040579602097,0.01617785179933,0.418929050339876,0.0452695725131343,NA,0.0145801623991825,0.0101243416349582,690.98,"690.98"
"467",0.00385007855906206,0.130407807165272,0.108661935940878,0.0542999466364318,0.0170031312313726,0.422266879249596,0.0437506743641901,NA,0.0147796857258862,0.0106318807139213,691.96,"691.96"
"468",0.00351831923039925,0.127876424240332,0.108394752327716,0.0558820340028496,0.0177589218190901,0.425663322739765,0.0425163008333315,NA,0.0141685408595766,0.0110702536582233,692.943333333333,"692.943333333333"
"469",0.00336093754417476,0.123961652272702,0.106195393115666,0.0568012297436802,0.0195428251887029,0.427631826232566,0.041503600732441,NA,0.0133157763039364,0.0116121927575036,693.926666666667,"693.926666666667"
"470",0.00423696749205897,0.120024414564792,0.103039193632227,0.0558767757536697,0.019349705527276,0.428036250742641,0.0405582335958054,NA,0.0131074151062254,0.0119623488572151,694.906666666667,"694.906666666667"
"471",0.00299427640138429,0.116429606165532,0.0983620966033478,0.0547557165856783,0.017282115262779,0.421378170854995,0.0394387069961184,NA,0.0135046163158514,0.0116947328968221,695.89,"695.89"
"472",0.00171132626982524,0.113229137702614,0.0900972164926869,0.0525508856193581,0.015635646657611,0.4058268407546,0.0382822038085464,NA,0.0139318526250301,0.0115682917993242,696.87,"696.87"
"473",0.000741844878043267,0.110012323648296,0.0790301339357199,0.0498828083479211,0.0153197017822419,0.385610831506974,0.0373698838384918,NA,0.0134729383597084,0.0108962206790098,697.85,"697.85"
"474",0.00071645654602086,0.106324227768807,0.0699728909327891,0.0470910611442448,0.0144745815830823,0.360934020950712,0.0362991671177689,NA,0.0121886001828845,0.00984261433716229,698.83,"698.83"
"475",0.000446721164688967,0.102599816492011,0.0637715913896201,0.0441005484736306,0.0147914018734316,0.333468543537682,0.035220858545393,NA,0.0113483283273945,0.00899511690482041,699.81,"699.81"
"476",0.0000998461964904422,0.100524653915783,0.0572816855536403,0.0410458374156341,0.015216078248555,0.306617936772486,0.0345453124560604,NA,0.0112959460960391,0.00772284432743989,700.786666666667,"700.786666666667"
